"year","percentile","contraceptive_use_modern","Region","Population"
1970,"50%",0.00161414910407716,"BoucledeMouhoun","ALL"
1971,"50%",0.00191662861955288,"BoucledeMouhoun","ALL"
1972,"50%",0.00228735204364327,"BoucledeMouhoun","ALL"
1973,"50%",0.00272604897770162,"BoucledeMouhoun","ALL"
1974,"50%",0.00322280545424425,"BoucledeMouhoun","ALL"
1975,"50%",0.00380738563155502,"BoucledeMouhoun","ALL"
1976,"50%",0.00456573740837925,"BoucledeMouhoun","ALL"
1977,"50%",0.00534957001692479,"BoucledeMouhoun","ALL"
1978,"50%",0.00627006070760944,"BoucledeMouhoun","ALL"
1979,"50%",0.0073045658549948,"BoucledeMouhoun","ALL"
1980,"50%",0.00866382666293222,"BoucledeMouhoun","ALL"
1981,"50%",0.010037858895766,"BoucledeMouhoun","ALL"
1982,"50%",0.0114671015158617,"BoucledeMouhoun","ALL"
1983,"50%",0.0131424763526143,"BoucledeMouhoun","ALL"
1984,"50%",0.0151719864615022,"BoucledeMouhoun","ALL"
1985,"50%",0.0173183388359242,"BoucledeMouhoun","ALL"
1986,"50%",0.0197813924780196,"BoucledeMouhoun","ALL"
1987,"50%",0.0224982118329152,"BoucledeMouhoun","ALL"
1988,"50%",0.0257072104865475,"BoucledeMouhoun","ALL"
1989,"50%",0.028593092086986,"BoucledeMouhoun","ALL"
1990,"50%",0.0325127843767668,"BoucledeMouhoun","ALL"
1991,"50%",0.0367307803408315,"BoucledeMouhoun","ALL"
1992,"50%",0.0411137849109064,"BoucledeMouhoun","ALL"
1993,"50%",0.0461147987579965,"BoucledeMouhoun","ALL"
1994,"50%",0.0513440291706021,"BoucledeMouhoun","ALL"
1995,"50%",0.0562905178398387,"BoucledeMouhoun","ALL"
1996,"50%",0.0621267342319863,"BoucledeMouhoun","ALL"
1997,"50%",0.0679484256322759,"BoucledeMouhoun","ALL"
1998,"50%",0.0742694635983191,"BoucledeMouhoun","ALL"
1999,"50%",0.0803751909898654,"BoucledeMouhoun","ALL"
2000,"50%",0.0863848065273425,"BoucledeMouhoun","ALL"
2001,"50%",0.0923521632244623,"BoucledeMouhoun","ALL"
2002,"50%",0.0977278749666757,"BoucledeMouhoun","ALL"
2003,"50%",0.101622483655579,"BoucledeMouhoun","ALL"
2004,"50%",0.103829761217374,"BoucledeMouhoun","ALL"
2005,"50%",0.104779585019557,"BoucledeMouhoun","ALL"
2006,"50%",0.105419661637894,"BoucledeMouhoun","ALL"
2007,"50%",0.105949337352975,"BoucledeMouhoun","ALL"
2008,"50%",0.106129113380106,"BoucledeMouhoun","ALL"
2009,"50%",0.108407262625458,"BoucledeMouhoun","ALL"
2010,"50%",0.113905244499617,"BoucledeMouhoun","ALL"
2011,"50%",0.128111724156545,"BoucledeMouhoun","ALL"
2012,"50%",0.146839412853161,"BoucledeMouhoun","ALL"
2013,"50%",0.168586898445371,"BoucledeMouhoun","ALL"
2014,"50%",0.188211555789918,"BoucledeMouhoun","ALL"
2015,"50%",0.198813106072444,"BoucledeMouhoun","ALL"
2016,"50%",0.201857468879948,"BoucledeMouhoun","ALL"
2017,"50%",0.233965222371236,"BoucledeMouhoun","ALL"
2018,"50%",0.253391642487357,"BoucledeMouhoun","ALL"
2019,"50%",0.265774415030787,"BoucledeMouhoun","ALL"
2020,"50%",0.276852246193368,"BoucledeMouhoun","ALL"
2021,"50%",0.285545968168661,"BoucledeMouhoun","ALL"
2022,"50%",0.294672703770026,"BoucledeMouhoun","ALL"
2023,"50%",0.302811296284565,"BoucledeMouhoun","ALL"
2024,"50%",0.309455882214683,"BoucledeMouhoun","ALL"
2025,"50%",0.315762547667357,"BoucledeMouhoun","ALL"
2026,"50%",0.323237199823905,"BoucledeMouhoun","ALL"
2027,"50%",0.330758798897122,"BoucledeMouhoun","ALL"
2028,"50%",0.338296632670815,"BoucledeMouhoun","ALL"
2029,"50%",0.344659471897069,"BoucledeMouhoun","ALL"
2030,"50%",0.34960140430836,"BoucledeMouhoun","ALL"
1970,"50%",0.00495988996139584,"Cascades","ALL"
1971,"50%",0.00581267341432984,"Cascades","ALL"
1972,"50%",0.00668805960103123,"Cascades","ALL"
1973,"50%",0.00779174074856696,"Cascades","ALL"
1974,"50%",0.00892148721132623,"Cascades","ALL"
1975,"50%",0.0104867333152947,"Cascades","ALL"
1976,"50%",0.0118695842048888,"Cascades","ALL"
1977,"50%",0.0134899801180355,"Cascades","ALL"
1978,"50%",0.0151736521988522,"Cascades","ALL"
1979,"50%",0.0171984531118316,"Cascades","ALL"
1980,"50%",0.019423287537059,"Cascades","ALL"
1981,"50%",0.0217103230158333,"Cascades","ALL"
1982,"50%",0.0243293511283438,"Cascades","ALL"
1983,"50%",0.0274231609918531,"Cascades","ALL"
1984,"50%",0.0305626845810148,"Cascades","ALL"
1985,"50%",0.0338904154011208,"Cascades","ALL"
1986,"50%",0.0373158214886341,"Cascades","ALL"
1987,"50%",0.0411224837496574,"Cascades","ALL"
1988,"50%",0.0458783323952677,"Cascades","ALL"
1989,"50%",0.0501847554856395,"Cascades","ALL"
1990,"50%",0.055002641688687,"Cascades","ALL"
1991,"50%",0.0601684571605654,"Cascades","ALL"
1992,"50%",0.0662005824807407,"Cascades","ALL"
1993,"50%",0.0726120227670449,"Cascades","ALL"
1994,"50%",0.0787648923561828,"Cascades","ALL"
1995,"50%",0.0853993227632593,"Cascades","ALL"
1996,"50%",0.0920872264668419,"Cascades","ALL"
1997,"50%",0.100315593470573,"Cascades","ALL"
1998,"50%",0.107467941119948,"Cascades","ALL"
1999,"50%",0.114652424836002,"Cascades","ALL"
2000,"50%",0.122781397046958,"Cascades","ALL"
2001,"50%",0.129274799336424,"Cascades","ALL"
2002,"50%",0.136611020137257,"Cascades","ALL"
2003,"50%",0.143779137769246,"Cascades","ALL"
2004,"50%",0.15056749928358,"Cascades","ALL"
2005,"50%",0.157167870807543,"Cascades","ALL"
2006,"50%",0.162924539317038,"Cascades","ALL"
2007,"50%",0.16840564434907,"Cascades","ALL"
2008,"50%",0.172623412246881,"Cascades","ALL"
2009,"50%",0.17601842662626,"Cascades","ALL"
2010,"50%",0.175050529907595,"Cascades","ALL"
2011,"50%",0.16976614451494,"Cascades","ALL"
2012,"50%",0.162381591182427,"Cascades","ALL"
2013,"50%",0.156400967519869,"Cascades","ALL"
2014,"50%",0.154923293131336,"Cascades","ALL"
2015,"50%",0.162120162915589,"Cascades","ALL"
2016,"50%",0.20207181626491,"Cascades","ALL"
2017,"50%",0.240383421225183,"Cascades","ALL"
2018,"50%",0.268928117239017,"Cascades","ALL"
2019,"50%",0.288886709295735,"Cascades","ALL"
2020,"50%",0.30344124398926,"Cascades","ALL"
2021,"50%",0.314834199869631,"Cascades","ALL"
2022,"50%",0.324412445491267,"Cascades","ALL"
2023,"50%",0.332803545632012,"Cascades","ALL"
2024,"50%",0.341094351521027,"Cascades","ALL"
2025,"50%",0.348284531029225,"Cascades","ALL"
2026,"50%",0.356281341869358,"Cascades","ALL"
2027,"50%",0.364036354274826,"Cascades","ALL"
2028,"50%",0.37056183009942,"Cascades","ALL"
2029,"50%",0.377267726158322,"Cascades","ALL"
2030,"50%",0.382233536808844,"Cascades","ALL"
1970,"50%",0.00220136886785474,"CentreEst","ALL"
1971,"50%",0.00250196220510281,"CentreEst","ALL"
1972,"50%",0.00287694419071944,"CentreEst","ALL"
1973,"50%",0.00332088215246874,"CentreEst","ALL"
1974,"50%",0.00382998646897594,"CentreEst","ALL"
1975,"50%",0.00436103866314682,"CentreEst","ALL"
1976,"50%",0.00501853128999738,"CentreEst","ALL"
1977,"50%",0.00573298475891024,"CentreEst","ALL"
1978,"50%",0.00658580302369745,"CentreEst","ALL"
1979,"50%",0.0074669339134139,"CentreEst","ALL"
1980,"50%",0.00855423844323694,"CentreEst","ALL"
1981,"50%",0.00952028605028297,"CentreEst","ALL"
1982,"50%",0.0105676825895578,"CentreEst","ALL"
1983,"50%",0.0119176815572081,"CentreEst","ALL"
1984,"50%",0.0131484154953788,"CentreEst","ALL"
1985,"50%",0.0145332646707272,"CentreEst","ALL"
1986,"50%",0.0160837984145985,"CentreEst","ALL"
1987,"50%",0.0179066100353246,"CentreEst","ALL"
1988,"50%",0.0196966148828259,"CentreEst","ALL"
1989,"50%",0.021853156434015,"CentreEst","ALL"
1990,"50%",0.0240728710652261,"CentreEst","ALL"
1991,"50%",0.0263190054477976,"CentreEst","ALL"
1992,"50%",0.028622743226431,"CentreEst","ALL"
1993,"50%",0.0308812148215449,"CentreEst","ALL"
1994,"50%",0.0333365347060653,"CentreEst","ALL"
1995,"50%",0.0358546619319287,"CentreEst","ALL"
1996,"50%",0.0381665602907611,"CentreEst","ALL"
1997,"50%",0.040872569920675,"CentreEst","ALL"
1998,"50%",0.0435435476115738,"CentreEst","ALL"
1999,"50%",0.046149756052446,"CentreEst","ALL"
2000,"50%",0.0488535502165435,"CentreEst","ALL"
2001,"50%",0.0515632478495581,"CentreEst","ALL"
2002,"50%",0.0541061815256618,"CentreEst","ALL"
2003,"50%",0.0566417230713119,"CentreEst","ALL"
2004,"50%",0.059899947000267,"CentreEst","ALL"
2005,"50%",0.0634716845828149,"CentreEst","ALL"
2006,"50%",0.0672054825699446,"CentreEst","ALL"
2007,"50%",0.07108164368314,"CentreEst","ALL"
2008,"50%",0.075765277251757,"CentreEst","ALL"
2009,"50%",0.0813715543492811,"CentreEst","ALL"
2010,"50%",0.0890644737073457,"CentreEst","ALL"
2011,"50%",0.101148865679197,"CentreEst","ALL"
2012,"50%",0.1159089594495,"CentreEst","ALL"
2013,"50%",0.130834446207673,"CentreEst","ALL"
2014,"50%",0.140764370287244,"CentreEst","ALL"
2015,"50%",0.136218663633219,"CentreEst","ALL"
2016,"50%",0.153511632810268,"CentreEst","ALL"
2017,"50%",0.172975228576152,"CentreEst","ALL"
2018,"50%",0.182542385221292,"CentreEst","ALL"
2019,"50%",0.187271467735945,"CentreEst","ALL"
2020,"50%",0.193956954922259,"CentreEst","ALL"
2021,"50%",0.201290750050272,"CentreEst","ALL"
2022,"50%",0.208162489080539,"CentreEst","ALL"
2023,"50%",0.215374297204041,"CentreEst","ALL"
2024,"50%",0.221811392504985,"CentreEst","ALL"
2025,"50%",0.228221428397655,"CentreEst","ALL"
2026,"50%",0.236226628315755,"CentreEst","ALL"
2027,"50%",0.242587186146266,"CentreEst","ALL"
2028,"50%",0.249908309725964,"CentreEst","ALL"
2029,"50%",0.256595310082352,"CentreEst","ALL"
2030,"50%",0.262843534578971,"CentreEst","ALL"
1970,"50%",0.000798891534759062,"CentreNord","ALL"
1971,"50%",0.000950224651948017,"CentreNord","ALL"
1972,"50%",0.00110274630612745,"CentreNord","ALL"
1973,"50%",0.00128237821338892,"CentreNord","ALL"
1974,"50%",0.00149049235303983,"CentreNord","ALL"
1975,"50%",0.00171876753706238,"CentreNord","ALL"
1976,"50%",0.0020082803475068,"CentreNord","ALL"
1977,"50%",0.00229380635017766,"CentreNord","ALL"
1978,"50%",0.00266577915103268,"CentreNord","ALL"
1979,"50%",0.00297407338893572,"CentreNord","ALL"
1980,"50%",0.00345556672321651,"CentreNord","ALL"
1981,"50%",0.00392520838992137,"CentreNord","ALL"
1982,"50%",0.00448369208950564,"CentreNord","ALL"
1983,"50%",0.00503994716263144,"CentreNord","ALL"
1984,"50%",0.00567186351258392,"CentreNord","ALL"
1985,"50%",0.00633710171151406,"CentreNord","ALL"
1986,"50%",0.00703501195732453,"CentreNord","ALL"
1987,"50%",0.00776258057068437,"CentreNord","ALL"
1988,"50%",0.00863323680152078,"CentreNord","ALL"
1989,"50%",0.009645680442352,"CentreNord","ALL"
1990,"50%",0.0107343530652498,"CentreNord","ALL"
1991,"50%",0.0121443797948511,"CentreNord","ALL"
1992,"50%",0.0137367843646582,"CentreNord","ALL"
1993,"50%",0.0156568782399575,"CentreNord","ALL"
1994,"50%",0.0179942369697985,"CentreNord","ALL"
1995,"50%",0.0209173999443789,"CentreNord","ALL"
1996,"50%",0.0242808132861436,"CentreNord","ALL"
1997,"50%",0.0283436337847357,"CentreNord","ALL"
1998,"50%",0.033161103786235,"CentreNord","ALL"
1999,"50%",0.03867689911379,"CentreNord","ALL"
2000,"50%",0.0445035140307029,"CentreNord","ALL"
2001,"50%",0.0507370781913272,"CentreNord","ALL"
2002,"50%",0.0566388276535026,"CentreNord","ALL"
2003,"50%",0.0622810975383499,"CentreNord","ALL"
2004,"50%",0.0679713752968442,"CentreNord","ALL"
2005,"50%",0.0719299935434862,"CentreNord","ALL"
2006,"50%",0.0744093293690566,"CentreNord","ALL"
2007,"50%",0.0761085336329662,"CentreNord","ALL"
2008,"50%",0.0771481783016836,"CentreNord","ALL"
2009,"50%",0.0784870004272952,"CentreNord","ALL"
2010,"50%",0.0815616155171728,"CentreNord","ALL"
2011,"50%",0.088253883967786,"CentreNord","ALL"
2012,"50%",0.0980986710502711,"CentreNord","ALL"
2013,"50%",0.110606483615685,"CentreNord","ALL"
2014,"50%",0.127494462724048,"CentreNord","ALL"
2015,"50%",0.151126557429559,"CentreNord","ALL"
2016,"50%",0.166817237984096,"CentreNord","ALL"
2017,"50%",0.189032345102407,"CentreNord","ALL"
2018,"50%",0.198936401137709,"CentreNord","ALL"
2019,"50%",0.203852523068167,"CentreNord","ALL"
2020,"50%",0.209088563448142,"CentreNord","ALL"
2021,"50%",0.21607661702492,"CentreNord","ALL"
2022,"50%",0.222184037882669,"CentreNord","ALL"
2023,"50%",0.228524741646956,"CentreNord","ALL"
2024,"50%",0.234053525637792,"CentreNord","ALL"
2025,"50%",0.240200028805261,"CentreNord","ALL"
2026,"50%",0.245253221515792,"CentreNord","ALL"
2027,"50%",0.250817983675168,"CentreNord","ALL"
2028,"50%",0.255942558856262,"CentreNord","ALL"
2029,"50%",0.262067015847986,"CentreNord","ALL"
2030,"50%",0.267094870314057,"CentreNord","ALL"
1970,"50%",0.00182713827661098,"CentreOuest","ALL"
1971,"50%",0.00209184633785566,"CentreOuest","ALL"
1972,"50%",0.00241875272280675,"CentreOuest","ALL"
1973,"50%",0.00285564809974492,"CentreOuest","ALL"
1974,"50%",0.00327279466348247,"CentreOuest","ALL"
1975,"50%",0.00382407374747963,"CentreOuest","ALL"
1976,"50%",0.00443181404653695,"CentreOuest","ALL"
1977,"50%",0.00523581496636849,"CentreOuest","ALL"
1978,"50%",0.00606612730758656,"CentreOuest","ALL"
1979,"50%",0.00691795198264097,"CentreOuest","ALL"
1980,"50%",0.00795006246968488,"CentreOuest","ALL"
1981,"50%",0.00899041783459503,"CentreOuest","ALL"
1982,"50%",0.0101411381058589,"CentreOuest","ALL"
1983,"50%",0.0115865790179626,"CentreOuest","ALL"
1984,"50%",0.0129066595359165,"CentreOuest","ALL"
1985,"50%",0.0143998381640234,"CentreOuest","ALL"
1986,"50%",0.0161637914585167,"CentreOuest","ALL"
1987,"50%",0.0178306247095985,"CentreOuest","ALL"
1988,"50%",0.0200129767886791,"CentreOuest","ALL"
1989,"50%",0.0220365021518589,"CentreOuest","ALL"
1990,"50%",0.0244483263350195,"CentreOuest","ALL"
1991,"50%",0.0268940894245605,"CentreOuest","ALL"
1992,"50%",0.0297088935471652,"CentreOuest","ALL"
1993,"50%",0.0328642724007379,"CentreOuest","ALL"
1994,"50%",0.0361207568593038,"CentreOuest","ALL"
1995,"50%",0.0395503232459272,"CentreOuest","ALL"
1996,"50%",0.043405615661369,"CentreOuest","ALL"
1997,"50%",0.047458048187064,"CentreOuest","ALL"
1998,"50%",0.0516472722778211,"CentreOuest","ALL"
1999,"50%",0.0559008118728449,"CentreOuest","ALL"
2000,"50%",0.0605899075060847,"CentreOuest","ALL"
2001,"50%",0.0652136456090542,"CentreOuest","ALL"
2002,"50%",0.0694684297520867,"CentreOuest","ALL"
2003,"50%",0.0739247200055887,"CentreOuest","ALL"
2004,"50%",0.0788528756391695,"CentreOuest","ALL"
2005,"50%",0.0833863398990192,"CentreOuest","ALL"
2006,"50%",0.0875973125718798,"CentreOuest","ALL"
2007,"50%",0.0917929615084515,"CentreOuest","ALL"
2008,"50%",0.0961940430973782,"CentreOuest","ALL"
2009,"50%",0.100799659537369,"CentreOuest","ALL"
2010,"50%",0.106326191962737,"CentreOuest","ALL"
2011,"50%",0.114402756461591,"CentreOuest","ALL"
2012,"50%",0.125003280646449,"CentreOuest","ALL"
2013,"50%",0.137872656092597,"CentreOuest","ALL"
2014,"50%",0.155795570619106,"CentreOuest","ALL"
2015,"50%",0.182615321933221,"CentreOuest","ALL"
2016,"50%",0.22477618276984,"CentreOuest","ALL"
2017,"50%",0.257232379202023,"CentreOuest","ALL"
2018,"50%",0.259264744098539,"CentreOuest","ALL"
2019,"50%",0.250517741537314,"CentreOuest","ALL"
2020,"50%",0.249734178232237,"CentreOuest","ALL"
2021,"50%",0.253496877095923,"CentreOuest","ALL"
2022,"50%",0.259601292126361,"CentreOuest","ALL"
2023,"50%",0.267225526010551,"CentreOuest","ALL"
2024,"50%",0.275122934893746,"CentreOuest","ALL"
2025,"50%",0.28247138403848,"CentreOuest","ALL"
2026,"50%",0.289054280133616,"CentreOuest","ALL"
2027,"50%",0.295384050907904,"CentreOuest","ALL"
2028,"50%",0.302370387967284,"CentreOuest","ALL"
2029,"50%",0.310138457936369,"CentreOuest","ALL"
2030,"50%",0.316540996087574,"CentreOuest","ALL"
1970,"50%",0.00169688389866395,"CentreSud","ALL"
1971,"50%",0.00199249324188801,"CentreSud","ALL"
1972,"50%",0.0023140353421676,"CentreSud","ALL"
1973,"50%",0.00263450496780549,"CentreSud","ALL"
1974,"50%",0.0030346847030248,"CentreSud","ALL"
1975,"50%",0.00343023612586208,"CentreSud","ALL"
1976,"50%",0.00401773868893752,"CentreSud","ALL"
1977,"50%",0.00446991347942251,"CentreSud","ALL"
1978,"50%",0.00518434229400827,"CentreSud","ALL"
1979,"50%",0.00592924926832009,"CentreSud","ALL"
1980,"50%",0.00667602864756208,"CentreSud","ALL"
1981,"50%",0.00752502463255417,"CentreSud","ALL"
1982,"50%",0.0084155262884828,"CentreSud","ALL"
1983,"50%",0.00932459173358668,"CentreSud","ALL"
1984,"50%",0.0103469912326961,"CentreSud","ALL"
1985,"50%",0.0115137877518287,"CentreSud","ALL"
1986,"50%",0.0126209583694979,"CentreSud","ALL"
1987,"50%",0.0138413657187016,"CentreSud","ALL"
1988,"50%",0.0152652996165252,"CentreSud","ALL"
1989,"50%",0.0166283293368552,"CentreSud","ALL"
1990,"50%",0.0182956681426294,"CentreSud","ALL"
1991,"50%",0.0199515523629153,"CentreSud","ALL"
1992,"50%",0.0218526028041195,"CentreSud","ALL"
1993,"50%",0.0238342807423152,"CentreSud","ALL"
1994,"50%",0.0259743892424815,"CentreSud","ALL"
1995,"50%",0.0282190556351,"CentreSud","ALL"
1996,"50%",0.0307851525857169,"CentreSud","ALL"
1997,"50%",0.0335403561491687,"CentreSud","ALL"
1998,"50%",0.0363024104017037,"CentreSud","ALL"
1999,"50%",0.0390156678540474,"CentreSud","ALL"
2000,"50%",0.0424489861808082,"CentreSud","ALL"
2001,"50%",0.0461070300007772,"CentreSud","ALL"
2002,"50%",0.050493434230063,"CentreSud","ALL"
2003,"50%",0.0561628984684808,"CentreSud","ALL"
2004,"50%",0.0638651073098632,"CentreSud","ALL"
2005,"50%",0.0740951053638387,"CentreSud","ALL"
2006,"50%",0.086327912186701,"CentreSud","ALL"
2007,"50%",0.0993545846265038,"CentreSud","ALL"
2008,"50%",0.111668994606866,"CentreSud","ALL"
2009,"50%",0.120623729541771,"CentreSud","ALL"
2010,"50%",0.119826503276551,"CentreSud","ALL"
2011,"50%",0.0725984215207535,"CentreSud","ALL"
2012,"50%",0.0395819621327201,"CentreSud","ALL"
2013,"50%",0.0272851495600724,"CentreSud","ALL"
2014,"50%",0.0242365335148682,"CentreSud","ALL"
2015,"50%",0.026099436682717,"CentreSud","ALL"
2016,"50%",0.199694259013021,"CentreSud","ALL"
2017,"50%",0.316541573298982,"CentreSud","ALL"
2018,"50%",0.337616859017195,"CentreSud","ALL"
2019,"50%",0.332061374294662,"CentreSud","ALL"
2020,"50%",0.329174768542473,"CentreSud","ALL"
2021,"50%",0.332035850597149,"CentreSud","ALL"
2022,"50%",0.33740740325368,"CentreSud","ALL"
2023,"50%",0.344972757389172,"CentreSud","ALL"
2024,"50%",0.35228561581192,"CentreSud","ALL"
2025,"50%",0.359131937235302,"CentreSud","ALL"
2026,"50%",0.366160151022053,"CentreSud","ALL"
2027,"50%",0.373364619439295,"CentreSud","ALL"
2028,"50%",0.380041405044204,"CentreSud","ALL"
2029,"50%",0.384843348709039,"CentreSud","ALL"
2030,"50%",0.39039562562726,"CentreSud","ALL"
1970,"50%",0.0117096371717577,"Centre","ALL"
1971,"50%",0.0133267326077772,"Centre","ALL"
1972,"50%",0.0148258029719957,"Centre","ALL"
1973,"50%",0.0165893469616226,"Centre","ALL"
1974,"50%",0.0187246278379368,"Centre","ALL"
1975,"50%",0.020811920430465,"Centre","ALL"
1976,"50%",0.0231812638727858,"Centre","ALL"
1977,"50%",0.0255112893413998,"Centre","ALL"
1978,"50%",0.0284140292750923,"Centre","ALL"
1979,"50%",0.0315075611326027,"Centre","ALL"
1980,"50%",0.0349172962296627,"Centre","ALL"
1981,"50%",0.0389046382885806,"Centre","ALL"
1982,"50%",0.0429489675941137,"Centre","ALL"
1983,"50%",0.047252711127995,"Centre","ALL"
1984,"50%",0.0522619678564977,"Centre","ALL"
1985,"50%",0.058279991569303,"Centre","ALL"
1986,"50%",0.0628370135807951,"Centre","ALL"
1987,"50%",0.0686554450021223,"Centre","ALL"
1988,"50%",0.0744838036620417,"Centre","ALL"
1989,"50%",0.0814471914938145,"Centre","ALL"
1990,"50%",0.087458851715672,"Centre","ALL"
1991,"50%",0.0960642958803141,"Centre","ALL"
1992,"50%",0.104396465152529,"Centre","ALL"
1993,"50%",0.115253501470679,"Centre","ALL"
1994,"50%",0.125794557078982,"Centre","ALL"
1995,"50%",0.136519120998042,"Centre","ALL"
1996,"50%",0.147260519708588,"Centre","ALL"
1997,"50%",0.160132642897937,"Centre","ALL"
1998,"50%",0.172790404151973,"Centre","ALL"
1999,"50%",0.185036058213485,"Centre","ALL"
2000,"50%",0.198139523989302,"Centre","ALL"
2001,"50%",0.21234768519783,"Centre","ALL"
2002,"50%",0.224337189467575,"Centre","ALL"
2003,"50%",0.236573050650175,"Centre","ALL"
2004,"50%",0.244640761833485,"Centre","ALL"
2005,"50%",0.25172788114256,"Centre","ALL"
2006,"50%",0.258029297218925,"Centre","ALL"
2007,"50%",0.262236153676711,"Centre","ALL"
2008,"50%",0.267731615481683,"Centre","ALL"
2009,"50%",0.271346733103692,"Centre","ALL"
2010,"50%",0.272867691965911,"Centre","ALL"
2011,"50%",0.273936254607941,"Centre","ALL"
2012,"50%",0.274326705782914,"Centre","ALL"
2013,"50%",0.277105991433195,"Centre","ALL"
2014,"50%",0.286653420488061,"Centre","ALL"
2015,"50%",0.309058937624219,"Centre","ALL"
2016,"50%",0.334907101145753,"Centre","ALL"
2017,"50%",0.348585764811842,"Centre","ALL"
2018,"50%",0.352356343103429,"Centre","ALL"
2019,"50%",0.352137782586168,"Centre","ALL"
2020,"50%",0.357305931575003,"Centre","ALL"
2021,"50%",0.364295374122477,"Centre","ALL"
2022,"50%",0.371377327734868,"Centre","ALL"
2023,"50%",0.377125505929329,"Centre","ALL"
2024,"50%",0.382592469041612,"Centre","ALL"
2025,"50%",0.388588082071216,"Centre","ALL"
2026,"50%",0.394937753525806,"Centre","ALL"
2027,"50%",0.401189303838279,"Centre","ALL"
2028,"50%",0.4053218881001,"Centre","ALL"
2029,"50%",0.409979497840937,"Centre","ALL"
2030,"50%",0.414406416972417,"Centre","ALL"
1970,"50%",1.21080591692952e-05,"Est","ALL"
1971,"50%",1.50660237009477e-05,"Est","ALL"
1972,"50%",1.9901396764181e-05,"Est","ALL"
1973,"50%",2.5524473732226e-05,"Est","ALL"
1974,"50%",3.15861695622716e-05,"Est","ALL"
1975,"50%",3.91243263301637e-05,"Est","ALL"
1976,"50%",5.04513268617337e-05,"Est","ALL"
1977,"50%",6.59131301339272e-05,"Est","ALL"
1978,"50%",8.2673866422195e-05,"Est","ALL"
1979,"50%",0.000107899432046479,"Est","ALL"
1980,"50%",0.000134115968080793,"Est","ALL"
1981,"50%",0.000171429342299099,"Est","ALL"
1982,"50%",0.000218682657178621,"Est","ALL"
1983,"50%",0.000283063437115624,"Est","ALL"
1984,"50%",0.000353397264107347,"Est","ALL"
1985,"50%",0.000458698306247166,"Est","ALL"
1986,"50%",0.000573581573956352,"Est","ALL"
1987,"50%",0.000741765044980504,"Est","ALL"
1988,"50%",0.000929878346090014,"Est","ALL"
1989,"50%",0.00116007490839936,"Est","ALL"
1990,"50%",0.00144077309001089,"Est","ALL"
1991,"50%",0.00177842156890934,"Est","ALL"
1992,"50%",0.00221026025422126,"Est","ALL"
1993,"50%",0.00264861473981379,"Est","ALL"
1994,"50%",0.00321814389861484,"Est","ALL"
1995,"50%",0.00389404867121231,"Est","ALL"
1996,"50%",0.0048105589115263,"Est","ALL"
1997,"50%",0.00598866152571341,"Est","ALL"
1998,"50%",0.00741575030042974,"Est","ALL"
1999,"50%",0.00932235384548391,"Est","ALL"
2000,"50%",0.0118080623405649,"Est","ALL"
2001,"50%",0.0149901275140038,"Est","ALL"
2002,"50%",0.0190345790135483,"Est","ALL"
2003,"50%",0.0241012217839563,"Est","ALL"
2004,"50%",0.0347437793954621,"Est","ALL"
2005,"50%",0.0467536114608771,"Est","ALL"
2006,"50%",0.0588943199449634,"Est","ALL"
2007,"50%",0.0704064497041629,"Est","ALL"
2008,"50%",0.0802987578605205,"Est","ALL"
2009,"50%",0.0903593108181804,"Est","ALL"
2010,"50%",0.1012570588604,"Est","ALL"
2011,"50%",0.113942004717343,"Est","ALL"
2012,"50%",0.129013261439907,"Est","ALL"
2013,"50%",0.145500303057669,"Est","ALL"
2014,"50%",0.161356081441949,"Est","ALL"
2015,"50%",0.172812256769892,"Est","ALL"
2016,"50%",0.199045550863575,"Est","ALL"
2017,"50%",0.226211949873704,"Est","ALL"
2018,"50%",0.235216080632547,"Est","ALL"
2019,"50%",0.237348097551133,"Est","ALL"
2020,"50%",0.242207713555906,"Est","ALL"
2021,"50%",0.248623243112278,"Est","ALL"
2022,"50%",0.255000632819557,"Est","ALL"
2023,"50%",0.262366478886196,"Est","ALL"
2024,"50%",0.270047103154713,"Est","ALL"
2025,"50%",0.277137034451175,"Est","ALL"
2026,"50%",0.284045369571996,"Est","ALL"
2027,"50%",0.290990887765401,"Est","ALL"
2028,"50%",0.298288252249204,"Est","ALL"
2029,"50%",0.30351622718163,"Est","ALL"
2030,"50%",0.309324605191513,"Est","ALL"
1970,"50%",0.00298184606218768,"HautsBassin","ALL"
1971,"50%",0.0035008282746528,"HautsBassin","ALL"
1972,"50%",0.00406002383988457,"HautsBassin","ALL"
1973,"50%",0.00464359152927929,"HautsBassin","ALL"
1974,"50%",0.00544147646841346,"HautsBassin","ALL"
1975,"50%",0.00635717069593842,"HautsBassin","ALL"
1976,"50%",0.00744179564821621,"HautsBassin","ALL"
1977,"50%",0.00853328588578057,"HautsBassin","ALL"
1978,"50%",0.00978213631453899,"HautsBassin","ALL"
1979,"50%",0.0112803504957645,"HautsBassin","ALL"
1980,"50%",0.0130959618461277,"HautsBassin","ALL"
1981,"50%",0.0148685309422103,"HautsBassin","ALL"
1982,"50%",0.0171239159046728,"HautsBassin","ALL"
1983,"50%",0.0192109942210352,"HautsBassin","ALL"
1984,"50%",0.0215175540791525,"HautsBassin","ALL"
1985,"50%",0.024335412739327,"HautsBassin","ALL"
1986,"50%",0.0271359038742917,"HautsBassin","ALL"
1987,"50%",0.0301317684363403,"HautsBassin","ALL"
1988,"50%",0.0338062387573922,"HautsBassin","ALL"
1989,"50%",0.0377585096419321,"HautsBassin","ALL"
1990,"50%",0.0418597666372251,"HautsBassin","ALL"
1991,"50%",0.0468413776139079,"HautsBassin","ALL"
1992,"50%",0.0519469091218375,"HautsBassin","ALL"
1993,"50%",0.0570840329169429,"HautsBassin","ALL"
1994,"50%",0.0627568110053615,"HautsBassin","ALL"
1995,"50%",0.0690188394872249,"HautsBassin","ALL"
1996,"50%",0.075183277188235,"HautsBassin","ALL"
1997,"50%",0.0824349420534711,"HautsBassin","ALL"
1998,"50%",0.0893843821063395,"HautsBassin","ALL"
1999,"50%",0.0968411428710954,"HautsBassin","ALL"
2000,"50%",0.104099288574008,"HautsBassin","ALL"
2001,"50%",0.112234102775632,"HautsBassin","ALL"
2002,"50%",0.1209383171973,"HautsBassin","ALL"
2003,"50%",0.130985583405072,"HautsBassin","ALL"
2004,"50%",0.143925613643794,"HautsBassin","ALL"
2005,"50%",0.158461204121315,"HautsBassin","ALL"
2006,"50%",0.17426845968995,"HautsBassin","ALL"
2007,"50%",0.19067750883324,"HautsBassin","ALL"
2008,"50%",0.207171769789819,"HautsBassin","ALL"
2009,"50%",0.223151343612887,"HautsBassin","ALL"
2010,"50%",0.235206645454156,"HautsBassin","ALL"
2011,"50%",0.239280231339623,"HautsBassin","ALL"
2012,"50%",0.240259490562881,"HautsBassin","ALL"
2013,"50%",0.24292838962151,"HautsBassin","ALL"
2014,"50%",0.251752773922579,"HautsBassin","ALL"
2015,"50%",0.274116439420037,"HautsBassin","ALL"
2016,"50%",0.303606467638549,"HautsBassin","ALL"
2017,"50%",0.327699567918574,"HautsBassin","ALL"
2018,"50%",0.341077203815056,"HautsBassin","ALL"
2019,"50%",0.348411015191371,"HautsBassin","ALL"
2020,"50%",0.357401201545817,"HautsBassin","ALL"
2021,"50%",0.365299152527426,"HautsBassin","ALL"
2022,"50%",0.373220670513832,"HautsBassin","ALL"
2023,"50%",0.38144095071806,"HautsBassin","ALL"
2024,"50%",0.387913935582138,"HautsBassin","ALL"
2025,"50%",0.394014826129024,"HautsBassin","ALL"
2026,"50%",0.401372387032371,"HautsBassin","ALL"
2027,"50%",0.407413386892547,"HautsBassin","ALL"
2028,"50%",0.412675188878087,"HautsBassin","ALL"
2029,"50%",0.419309398176494,"HautsBassin","ALL"
2030,"50%",0.425201377338593,"HautsBassin","ALL"
1970,"50%",0.00202947674253483,"Nord","ALL"
1971,"50%",0.00237810127028109,"Nord","ALL"
1972,"50%",0.00280504648966549,"Nord","ALL"
1973,"50%",0.00323912800046728,"Nord","ALL"
1974,"50%",0.00379474188498295,"Nord","ALL"
1975,"50%",0.00442523848616008,"Nord","ALL"
1976,"50%",0.00524501860204683,"Nord","ALL"
1977,"50%",0.00598772179908616,"Nord","ALL"
1978,"50%",0.00694278579425711,"Nord","ALL"
1979,"50%",0.00799524836648261,"Nord","ALL"
1980,"50%",0.00918012293814279,"Nord","ALL"
1981,"50%",0.010409413146182,"Nord","ALL"
1982,"50%",0.0118745265317649,"Nord","ALL"
1983,"50%",0.0133634251806873,"Nord","ALL"
1984,"50%",0.0150470724350312,"Nord","ALL"
1985,"50%",0.0167096625170102,"Nord","ALL"
1986,"50%",0.0188178756786334,"Nord","ALL"
1987,"50%",0.0209667214829023,"Nord","ALL"
1988,"50%",0.0232941758711462,"Nord","ALL"
1989,"50%",0.0260134651980649,"Nord","ALL"
1990,"50%",0.0289409398877046,"Nord","ALL"
1991,"50%",0.0323356598041151,"Nord","ALL"
1992,"50%",0.035893795339701,"Nord","ALL"
1993,"50%",0.0399512647063738,"Nord","ALL"
1994,"50%",0.0445392970474553,"Nord","ALL"
1995,"50%",0.0491361362274978,"Nord","ALL"
1996,"50%",0.0539609387586819,"Nord","ALL"
1997,"50%",0.0595194373987878,"Nord","ALL"
1998,"50%",0.0648968229883448,"Nord","ALL"
1999,"50%",0.070732910450795,"Nord","ALL"
2000,"50%",0.0760512757253287,"Nord","ALL"
2001,"50%",0.081500151280075,"Nord","ALL"
2002,"50%",0.0868509167763739,"Nord","ALL"
2003,"50%",0.0915578933584446,"Nord","ALL"
2004,"50%",0.0953500229875854,"Nord","ALL"
2005,"50%",0.0977147442562112,"Nord","ALL"
2006,"50%",0.0988715534933907,"Nord","ALL"
2007,"50%",0.100029746696903,"Nord","ALL"
2008,"50%",0.099735875864342,"Nord","ALL"
2009,"50%",0.0995438547330749,"Nord","ALL"
2010,"50%",0.100061012460563,"Nord","ALL"
2011,"50%",0.101606516201069,"Nord","ALL"
2012,"50%",0.104918817366785,"Nord","ALL"
2013,"50%",0.111172037637676,"Nord","ALL"
2014,"50%",0.124231025426754,"Nord","ALL"
2015,"50%",0.153534680167345,"Nord","ALL"
2016,"50%",0.187374125579918,"Nord","ALL"
2017,"50%",0.213810686334823,"Nord","ALL"
2018,"50%",0.249221916865049,"Nord","ALL"
2019,"50%",0.284109022736777,"Nord","ALL"
2020,"50%",0.306283489227035,"Nord","ALL"
2021,"50%",0.322196014972268,"Nord","ALL"
2022,"50%",0.333912288286137,"Nord","ALL"
2023,"50%",0.342472700992868,"Nord","ALL"
2024,"50%",0.349436140180117,"Nord","ALL"
2025,"50%",0.357440815799081,"Nord","ALL"
2026,"50%",0.363012284323055,"Nord","ALL"
2027,"50%",0.368368361250164,"Nord","ALL"
2028,"50%",0.373351887023186,"Nord","ALL"
2029,"50%",0.380477296350014,"Nord","ALL"
2030,"50%",0.386088631818145,"Nord","ALL"
1970,"50%",0.00202452671688467,"PlateauCentral","ALL"
1971,"50%",0.00229664634072088,"PlateauCentral","ALL"
1972,"50%",0.00259901668447866,"PlateauCentral","ALL"
1973,"50%",0.00298599712169439,"PlateauCentral","ALL"
1974,"50%",0.00338337317458787,"PlateauCentral","ALL"
1975,"50%",0.00388094579186122,"PlateauCentral","ALL"
1976,"50%",0.0044238908582459,"PlateauCentral","ALL"
1977,"50%",0.00497191565906221,"PlateauCentral","ALL"
1978,"50%",0.00559752242857618,"PlateauCentral","ALL"
1979,"50%",0.00623914971744623,"PlateauCentral","ALL"
1980,"50%",0.00703027110903129,"PlateauCentral","ALL"
1981,"50%",0.00784406927844469,"PlateauCentral","ALL"
1982,"50%",0.00870295437170493,"PlateauCentral","ALL"
1983,"50%",0.00978053705365262,"PlateauCentral","ALL"
1984,"50%",0.0106497458649742,"PlateauCentral","ALL"
1985,"50%",0.0119449909695983,"PlateauCentral","ALL"
1986,"50%",0.0131828739080354,"PlateauCentral","ALL"
1987,"50%",0.0144730501627875,"PlateauCentral","ALL"
1988,"50%",0.0159166260695378,"PlateauCentral","ALL"
1989,"50%",0.0175430423273577,"PlateauCentral","ALL"
1990,"50%",0.0190738032534611,"PlateauCentral","ALL"
1991,"50%",0.0208661634690534,"PlateauCentral","ALL"
1992,"50%",0.0224256046716366,"PlateauCentral","ALL"
1993,"50%",0.0242106364032634,"PlateauCentral","ALL"
1994,"50%",0.0260149103270935,"PlateauCentral","ALL"
1995,"50%",0.027982310327192,"PlateauCentral","ALL"
1996,"50%",0.0300723855555821,"PlateauCentral","ALL"
1997,"50%",0.0324133520422458,"PlateauCentral","ALL"
1998,"50%",0.034733229380302,"PlateauCentral","ALL"
1999,"50%",0.0372592625460771,"PlateauCentral","ALL"
2000,"50%",0.0399874370691196,"PlateauCentral","ALL"
2001,"50%",0.043355657504856,"PlateauCentral","ALL"
2002,"50%",0.0472016737151804,"PlateauCentral","ALL"
2003,"50%",0.0526663308937744,"PlateauCentral","ALL"
2004,"50%",0.0586879695134755,"PlateauCentral","ALL"
2005,"50%",0.0666661918506791,"PlateauCentral","ALL"
2006,"50%",0.075513594643517,"PlateauCentral","ALL"
2007,"50%",0.0849811052562129,"PlateauCentral","ALL"
2008,"50%",0.0932332862238133,"PlateauCentral","ALL"
2009,"50%",0.0975268196331218,"PlateauCentral","ALL"
2010,"50%",0.0937180792233398,"PlateauCentral","ALL"
2011,"50%",0.0529648321887363,"PlateauCentral","ALL"
2012,"50%",0.0296014239106174,"PlateauCentral","ALL"
2013,"50%",0.0210706427437658,"PlateauCentral","ALL"
2014,"50%",0.0187384601862612,"PlateauCentral","ALL"
2015,"50%",0.0204558980363456,"PlateauCentral","ALL"
2016,"50%",0.136907703460172,"PlateauCentral","ALL"
2017,"50%",0.232094376505361,"PlateauCentral","ALL"
2018,"50%",0.271833265273317,"PlateauCentral","ALL"
2019,"50%",0.294126621321173,"PlateauCentral","ALL"
2020,"50%",0.308353904280741,"PlateauCentral","ALL"
2021,"50%",0.31919172238333,"PlateauCentral","ALL"
2022,"50%",0.330066412430848,"PlateauCentral","ALL"
2023,"50%",0.33917782158352,"PlateauCentral","ALL"
2024,"50%",0.347460802075143,"PlateauCentral","ALL"
2025,"50%",0.355558504065486,"PlateauCentral","ALL"
2026,"50%",0.36256126042088,"PlateauCentral","ALL"
2027,"50%",0.371606107324707,"PlateauCentral","ALL"
2028,"50%",0.376589423372108,"PlateauCentral","ALL"
2029,"50%",0.38302542264802,"PlateauCentral","ALL"
2030,"50%",0.38880914633449,"PlateauCentral","ALL"
1970,"50%",0.00187941795461192,"Sahel","ALL"
1971,"50%",0.00211582926648414,"Sahel","ALL"
1972,"50%",0.00238102440865129,"Sahel","ALL"
1973,"50%",0.00271020052060155,"Sahel","ALL"
1974,"50%",0.00306211974474528,"Sahel","ALL"
1975,"50%",0.00348553436608602,"Sahel","ALL"
1976,"50%",0.00394772040298342,"Sahel","ALL"
1977,"50%",0.00446537134093941,"Sahel","ALL"
1978,"50%",0.00500773278612975,"Sahel","ALL"
1979,"50%",0.00558671427336316,"Sahel","ALL"
1980,"50%",0.00627782619452765,"Sahel","ALL"
1981,"50%",0.00697656113386873,"Sahel","ALL"
1982,"50%",0.00786469428326102,"Sahel","ALL"
1983,"50%",0.00869549049774417,"Sahel","ALL"
1984,"50%",0.00954541546342898,"Sahel","ALL"
1985,"50%",0.0106634970427278,"Sahel","ALL"
1986,"50%",0.0117087435233911,"Sahel","ALL"
1987,"50%",0.0127675869546599,"Sahel","ALL"
1988,"50%",0.014065671005712,"Sahel","ALL"
1989,"50%",0.0154126698260787,"Sahel","ALL"
1990,"50%",0.0169426910384057,"Sahel","ALL"
1991,"50%",0.0183885214161732,"Sahel","ALL"
1992,"50%",0.0198349921782421,"Sahel","ALL"
1993,"50%",0.0212587551950533,"Sahel","ALL"
1994,"50%",0.0227408935885872,"Sahel","ALL"
1995,"50%",0.0243908943861882,"Sahel","ALL"
1996,"50%",0.0260850810842151,"Sahel","ALL"
1997,"50%",0.0276295739633773,"Sahel","ALL"
1998,"50%",0.0291968757086213,"Sahel","ALL"
1999,"50%",0.0308693754370496,"Sahel","ALL"
2000,"50%",0.032484452379985,"Sahel","ALL"
2001,"50%",0.0341586335097677,"Sahel","ALL"
2002,"50%",0.0359700450782295,"Sahel","ALL"
2003,"50%",0.0381107841449117,"Sahel","ALL"
2004,"50%",0.0403680931453293,"Sahel","ALL"
2005,"50%",0.0430433618520831,"Sahel","ALL"
2006,"50%",0.0460501846798619,"Sahel","ALL"
2007,"50%",0.0494820279468101,"Sahel","ALL"
2008,"50%",0.0530342336489669,"Sahel","ALL"
2009,"50%",0.0566039532740632,"Sahel","ALL"
2010,"50%",0.0594020922493889,"Sahel","ALL"
2011,"50%",0.0560477737254772,"Sahel","ALL"
2012,"50%",0.0501765547405085,"Sahel","ALL"
2013,"50%",0.0427176480373388,"Sahel","ALL"
2014,"50%",0.0345396942631703,"Sahel","ALL"
2015,"50%",0.0134335466851896,"Sahel","ALL"
2016,"50%",0.0758223752691273,"Sahel","ALL"
2017,"50%",0.117323213607049,"Sahel","ALL"
2018,"50%",0.138880063695452,"Sahel","ALL"
2019,"50%",0.152736173990989,"Sahel","ALL"
2020,"50%",0.161195331424546,"Sahel","ALL"
2021,"50%",0.169113409231257,"Sahel","ALL"
2022,"50%",0.176409171877308,"Sahel","ALL"
2023,"50%",0.183581058286823,"Sahel","ALL"
2024,"50%",0.192891293292018,"Sahel","ALL"
2025,"50%",0.201208703764958,"Sahel","ALL"
2026,"50%",0.208157032885144,"Sahel","ALL"
2027,"50%",0.215181411847035,"Sahel","ALL"
2028,"50%",0.221894787719046,"Sahel","ALL"
2029,"50%",0.230063554419892,"Sahel","ALL"
2030,"50%",0.237231497398365,"Sahel","ALL"
1970,"50%",9.59066677304706e-06,"SudOuest","ALL"
1971,"50%",1.30380323393673e-05,"SudOuest","ALL"
1972,"50%",1.77113422639026e-05,"SudOuest","ALL"
1973,"50%",2.35663091722665e-05,"SudOuest","ALL"
1974,"50%",3.10728947023612e-05,"SudOuest","ALL"
1975,"50%",4.15977083926883e-05,"SudOuest","ALL"
1976,"50%",5.56470007284393e-05,"SudOuest","ALL"
1977,"50%",7.32062310949635e-05,"SudOuest","ALL"
1978,"50%",9.8473985251876e-05,"SudOuest","ALL"
1979,"50%",0.000135079400318084,"SudOuest","ALL"
1980,"50%",0.000181046409806821,"SudOuest","ALL"
1981,"50%",0.00024590655446715,"SudOuest","ALL"
1982,"50%",0.000336658303322289,"SudOuest","ALL"
1983,"50%",0.000443103967909742,"SudOuest","ALL"
1984,"50%",0.000585006891563205,"SudOuest","ALL"
1985,"50%",0.000787731750077147,"SudOuest","ALL"
1986,"50%",0.00103945510021167,"SudOuest","ALL"
1987,"50%",0.0013971064495791,"SudOuest","ALL"
1988,"50%",0.0018355651708344,"SudOuest","ALL"
1989,"50%",0.00245344008172994,"SudOuest","ALL"
1990,"50%",0.003252859586118,"SudOuest","ALL"
1991,"50%",0.00431735749652723,"SudOuest","ALL"
1992,"50%",0.00571435833262411,"SudOuest","ALL"
1993,"50%",0.00746550125941288,"SudOuest","ALL"
1994,"50%",0.00976200154081327,"SudOuest","ALL"
1995,"50%",0.0127527320803948,"SudOuest","ALL"
1996,"50%",0.0163906002622269,"SudOuest","ALL"
1997,"50%",0.0213060595357122,"SudOuest","ALL"
1998,"50%",0.0268186234577258,"SudOuest","ALL"
1999,"50%",0.0341403862542932,"SudOuest","ALL"
2000,"50%",0.0421320577253842,"SudOuest","ALL"
2001,"50%",0.0517597916768165,"SudOuest","ALL"
2002,"50%",0.0617336297812329,"SudOuest","ALL"
2003,"50%",0.0712097362628206,"SudOuest","ALL"
2004,"50%",0.0838203807407088,"SudOuest","ALL"
2005,"50%",0.0937246179284552,"SudOuest","ALL"
2006,"50%",0.100456921393187,"SudOuest","ALL"
2007,"50%",0.10491308154719,"SudOuest","ALL"
2008,"50%",0.107751528062731,"SudOuest","ALL"
2009,"50%",0.109902184519771,"SudOuest","ALL"
2010,"50%",0.114332463242586,"SudOuest","ALL"
2011,"50%",0.122837144235094,"SudOuest","ALL"
2012,"50%",0.134307709739943,"SudOuest","ALL"
2013,"50%",0.148488937066367,"SudOuest","ALL"
2014,"50%",0.163635380070519,"SudOuest","ALL"
2015,"50%",0.176935693696977,"SudOuest","ALL"
2016,"50%",0.181738062542736,"SudOuest","ALL"
2017,"50%",0.187154180468512,"SudOuest","ALL"
2018,"50%",0.205465969746687,"SudOuest","ALL"
2019,"50%",0.228001114240715,"SudOuest","ALL"
2020,"50%",0.243305051313221,"SudOuest","ALL"
2021,"50%",0.254845799172316,"SudOuest","ALL"
2022,"50%",0.263850222232674,"SudOuest","ALL"
2023,"50%",0.270917469728065,"SudOuest","ALL"
2024,"50%",0.278918260900373,"SudOuest","ALL"
2025,"50%",0.284349004887785,"SudOuest","ALL"
2026,"50%",0.291072114125277,"SudOuest","ALL"
2027,"50%",0.297790566573917,"SudOuest","ALL"
2028,"50%",0.303923932313994,"SudOuest","ALL"
2029,"50%",0.310578218680458,"SudOuest","ALL"
2030,"50%",0.316975315782954,"SudOuest","ALL"
